epoch,train_loss,val_loss,train_acc,val_acc,epoch_time_sec
1,0.953568723154068,0.8559630447775125,0.6290078125,0.67353125,5542.99103808403
2,0.8457338995933533,0.8380867889255286,0.67874140625,0.68220625,5410.013416051865
3,0.8115211750030518,0.8315868026971817,0.69208125,0.683653125,5315.773334264755
4,0.7801661635398864,0.8369719621121884,0.70454296875,0.68256875,5194.221927642822
5,0.7473433052062989,0.8608321017116308,0.717134375,0.6815625,5230.993226051331
