epoch,train_loss,val_loss,train_acc,val_acc,epoch_time_sec
1,0.4038465106904507,0.3479604658432305,0.81115625,0.847146875,5464.937120437622
2,0.33427350541576745,0.33172766373232004,0.85365,0.854959375,5627.737115859985
3,0.3009818016100675,0.3306406314153224,0.8704328125,0.8567125,5528.45378947258
4,0.2690848433628678,0.3385293564226478,0.88591953125,0.855746875,5341.792500495911
5,0.2389209340883419,0.3611800462204963,0.900253125,0.85453125,5305.086674213409
